Workbook

Sheet Frances
B1: Week 0&1 | C1: Week 2 | D1: Week 3 | E1: Week 4 | F1: Week 5 | G1: Week 6 | H1: Week 7 | I1: Week 8 | J1: Week 9 | K1: Week 10 | L1: Week 11 | M1: Week 12 | N1: Week 13 | O1: Week 14 | P1: Week 15
A2: Team meetings | B2: 1.5 | C2: 2 | D2: 4 | E2: 4 | F2: 2.5 | G2: 4 | H2: 2 | I2: 1.5 | J2: 3 | K2: 1.5 | L2: 1.75 | M2: 3 | N2: 2.5 | O2: 2 | P2: 1
A3: Client meetings | B3: 1 | C3: 1 | D3: 0 | E3: 2 | F3: 1 | G3: 0 | H3: 1 | I3: 0 | J3: 0 | K3: 0 | L3: 0 | M3: 0.5 | N3: 0 | O3: 1 | P3: 1
A4: Advisor meetings* | B4: 1.5 | C4: 2 | D4: 2 | E4: 1.5 | F4: 1.5 | G4: 1.5 | H4: 1.5 | I4: 0 | J4: 1 | K4: 0 | L4: 1 | M4: 0 | N4: 1 | O4: 2 | P4: 1
A5: Course Lead Zoom meetings | B5: 2 | C5: 1 | D5: 0.75 | E5: 0.75 | F5: 0 | G5: 0 | H5: 0 | I5: 0 | J5: 1 | K5: 0 | L5: 0 | M5: 0.5 | N5: 0.75 | O5: 1 | P5: 1.25
A6: Research | B6: 0 | C6: 0 | D6: 2 | E6: 2 | F6: 1 | G6: 0 | H6: 2 | I6: 4 | J6: 0 | K6: 1.5 | L6: 0 | M6: 0 | N6: 0 | O6: 0 | P6: 0
A7: Development | B7: 0 | C7: 0 | D7: 0 | E7: 0 | F7: 0 | G7: 0 | H7: 0 | I7: 0 | J7: 0 | K7: 0 | L7: 0 | M7: 0 | N7: 0 | O7: 0 | P7: 0
A8: Testing | B8: 0 | C8: 0 | D8: 0 | E8: 0 | F8: 0 | G8: 23 | H8: 6.5 | I8: 18.5 | J8: 21 | K8: 17.5 | L8: 18 | M8: 0 | N8: 9 | O8: 6 | P8: 0
A9: Documentation | B9: 7.5 | C9: 15.5 | D9: 26.25 | E9: 20.75 | F9: 7 | G9: 9.5 | H9: 10 | I9: 4.5 | J9: 5 | K9: 3.5 | L9: 5 | M9: 24 | N9: 12.5 | O9: 15 | P9: 14
A10: Sick leave | B10: 0 | C10: 0 | D10: 0 | E10: 0 | F10: 0 | G10: 0 | H10: 0 | I10: 0 | J10: 0 | K10: 0 | L10: 0 | M10: 0 | N10: 0 | O10: 0 | P10: 0
A11: Other | B11: 1 | C11: 2.5 | D11: 1.5 | E11: 0 | F11: 6.5 | G11: 3.25 | H11: 5.5 | I11: 4.5 | J11: 1.75 | K11: 8 | L11: 3.5 | M11: 5.5 | N11: 5.25 | O11: 4.25 | P11: 14.25
A12: Total Hours for this week | B12: =SUM(B2:B11) -> 14.5 | C12: =SUM(C2:C11) -> 24 | D12: =SUM(D2:D11) -> 36.5 | E12: =SUM(E2:E11) -> 31 | F12: =SUM(F2:F11) -> 19.5 | G12: =SUM(G2:G11) -> 41.25 | H12: =SUM(H2:H11) -> 28.5 | I12: =SUM(I2:I11) -> 33 | ... P12: =SUM(P2:P11) -> 32.5

Sheet Amarsh
B1: Week 0&1 | C1: Week 2 | D1: Week 3 | E1: Week 4 | F1: Week 5 | G1: Week 6 | H1: Week 7 | I1: Week 8 | J1: Week 9 | K1: Week 10 | L1: Week 11 | M1: Week 12 | N1: Week 13 | O1: Week 14 | P1: Week 15
A2: Team meetings | B2: 1.5 | C2: 1 | D2: 2 | E2: 3 | F2: 2.5 | G2: 4 | H2: 2 | I2: 1.5 | J2: 3 | K2: 1.5 | L2: 1 | M2: 3 | N2: 2.5 | O2: 2 | P2: 1
A3: Client meetings | B3: 1 | C3: 0 | D3: 0 | E3: 2 | F3: 1 | G3: 0 | H3: 1 | I3: 0 | J3: 0 | K3: 0 | L3: 0 | M3: 0.5 | N3: 0 | O3: 1 | P3: 1
A4: Advisor meetings* | B4: 1 | C4: 2 | D4: 2 | E4: 1.5 | F4: 1.5 | G4: 1.5 | H4: 1.5 | I4: 0 | J4: 1 | K4: 0 | L4: 1 | M4: 0 | N4: 1 | O4: 2 | P4: 1
A5: Course Lead Zoom meetings | B5: 1 | C5: 1 | D5: 0.75 | E5: 0.75 | F5: 0 | G5: 0 | H5: 0 | I5: 0 | J5: 1 | K5: 0 | L5: 0 | M5: 0.5 | N5: 0.75 | O5: 1 | P5: 1.25
A6: Research | B6: 0 | C6: 0 | D6: 8.5 | E6: 5.75 | F6: 4.5 | G6: 1 | H6: 0 | I6: 3 | J6: 0 | K6: 0 | L6: 0 | M6: 0 | N6: 0 | O6: 0 | P6: 0
A7: Development | B7: 0 | C7: 0 | E7: 3.5 | F7: 0 | G7: 0 | H7: 0 | I7: 0 | J7: 0 | K7: 0 | L7: 0 | M7: 0 | N7: 0 | O7: 0 | P7: 0
A8: Testing | B8: 0 | C8: 0 | E8: 0 | F8: 21.5 | G8: 27 | H8: 18.5 | I8: 14.5 | J8: 28.75 | K8: 19.5 | L8: 26.5 | M8: 19.25 | N8: 25.5 | O8: 17.5 | P8: 14.5
A9: Documentation | B9: 0 | C9: 1 | D9: 1 | E9: 3 | F9: 1.5 | G9: 1 | H9: 1 | I9: 1 | J9: 1 | K9: 3.75 | L9: 1 | M9: 3.5 | N9: 1 | O9: 1 | P9: 11.5
A10: Sick leave | B10: 0 | C10: 0 | E10: 0 | F10: 0 | G10: 0 | H10: 0 | I10: 0 | J10: 0 | K10: 0 | L10: 0 | M10: 0 | N10: 0 | O10: 0 | P10: 0
A11: Other | B11: 0.5 | C11: 0 | D11: 10.5 | E11: 5.75 | F11: 1.75 | G11: 0 | H11: 1.5 | I11: 0 | J11: 0.5 | K11: 8.5 | L11: 1.5 | M11: 4.75 | N11: 1 | O11: 11.5 | P11: 10.5
A12: Total Hours for this week | B12: =SUM(B2:B11) -> 5 | C12: =SUM(C2:C11) -> 5 | D12: =SUM(D2:D11) -> 24.75 | E12: =SUM(E2:E11) -> 25.25 | F12: =SUM(F2:F11) -> 34.25 | G12: =SUM(G2:G11) -> 34.5 | H12: =SUM(H2:H11) -> 25.5 | I12: =SUM(I2:I11) -> 20 | ... P12: =SUM(P2:P11) -> 40.75

Sheet Bowang
B1: Week 0&1 | C1: Week 2 | D1: Week 3 | E1: Week 4 | F1: Week 5 | G1: Week 6 | H1: Week 7 | I1: Week 8 | J1: Week 9 | K1: Week 10 | L1: Week 11 | M1: Week 12 | N1: Week 13 | O1: Week 14 | P1: Week 15
A2: Team meetings | B2: 1.5 | C2: 2 | D2: 4 | E2: 4 | F2: 2.5 | G2: 4 | H2: 2 | I2: 1.5 | J2: 3 | K2: 1.5 | L2: 1.75 | M2: 3 | N2: 2.5 | O2: 2 | P2: 1
A3: Client meetings | B3: 1 | C3: 1 | E3: 2 | F3: 1 | G3: 0 | H3: 1 | J3: 0 | K3: 0 | L3: 0 | M3: 0.5 | N3: 0 | O3: 1 | P3: 1
A4: Advisor meetings* | B4: 1 | C4: 1 | D4: 2 | E4: 1.5 | F4: 1.5 | G4: 1.5 | H4: 1.5 | J4: 1 | K4: 0 | L4: 1 | M4: 0 | N4: 1 | O4: 2 | P4: 1
A5: Course Lead Zoom meetings | B5: 2 | C5: 1 | D5: 0.75 | E5: 0.75 | F5: 0 | J5: 1 | K5: 0 | L5: 0 | M5: 0.5 | N5: 0.75 | O5: 1 | P5: 1.25
A6: Research | B6: 18 | C6: 5 | D6: 3.5 | F6: 0 | K6: 0 | L6: 0 | M6: 0 | N6: 0 | O6: 0 | P6: 0
A7: Development | B7: 0 | C7: 0 | E7: 6.5 | F7: 30.75 | G7: 23.5 | H7: 19.5 | I7: 38 | J7: 15.5 | K7: 30.5 | L7: 22 | M7: 30.5 | N7: 20 | O7: 3 | P7: 0
A8: Testing | B8: 0 | C8: 0 | F8: 0 | G8: 5.5 | H8: 3 | I8: 3 | J8: 0.5 | K8: 0.5 | L8: 0.5 | M8: 0 | N8: 0 | O8: 2 | P8: 0
A9: Documentation | B9: 2 | C9: 1 | D9: 0.5 | E9: 1.5 | F9: 0.5 | G9: 0.5 | H9: 0.5 | I9: 0.5 | J9: 1 | K9: 0.5 | L9: 0.5 | M9: 4.5 | N9: 6.5 | O9: 11 | P9: 8.5
A10: Sick leave | B10: 0 | C10: 0 | F10: 0 | K10: 0 | L10: 0 | M10: 0 | N10: 0 | O10: 0 | P10: 0
A11: Other | B11: 1 | C11: 1.5 | D11: 13 | E11: 32.5 | F11: 1 | K11: 2 | L11: 2 | M11: 2 | N11: 1 | O11: 0.5 | P11: 7
A12: Total Hours for this week | B12: =SUM(B2:B11) -> 26.5 | C12: =SUM(C2:C11) -> 12.5 | D12: =SUM(D2:D11) -> 23.75 | E12: =SUM(E2:E11) -> 48.75 | F12: =SUM(F2:F11) -> 37.25 | G12: =SUM(G2:G11) -> 35 | H12: =SUM(H2:H11) -> 27.5 | I12: =SUM(I2:I11) -> 43 | ... P12: =SUM(P2:P11) -> 19.75

Sheet Team
B1: Frances | C1: Amarsh | D1: Bowang
A2: Week 0&1 | B2: {=INDEX(Frances!$B$12:$X$12, ROW(A1))} -> 14.5 | C2: {=INDEX(Amarsh!$B$12:$Z$12, ROW(A1))} -> 5 | D2: {=INDEX(Bowang!$B$12:$Z$12, ROW(A1))} -> 26.5
A3: Week 2 | B3: {=INDEX(Frances!$B$12:$X$12, ROW(A2))} -> 24 | C3: {=INDEX(Amarsh!$B$12:$Z$12, ROW(A2))} -> 5 | D3: {=INDEX(Bowang!$B$12:$Z$12, ROW(A2))} -> 12.5
A4: Week 3 | B4: {=INDEX(Frances!$B$12:$X$12, ROW(A3))} -> 36.5 | C4: {=INDEX(Amarsh!$B$12:$Z$12, ROW(A3))} -> 24.75 | D4: {=INDEX(Bowang!$B$12:$Z$12, ROW(A3))} -> 23.75
A5: Week 4 | B5: {=INDEX(Frances!$B$12:$X$12, ROW(A4))} -> 31 | C5: 25.25 | D5: {=INDEX(Bowang!$B$12:$Z$12, ROW(A4))} -> 48.75
A6: Week 5 | B6: {=INDEX(Frances!$B$12:$X$12, ROW(A5))} -> 19.5 | C6: {=INDEX(Amarsh!$B$12:$Z$12, ROW(A5))} -> 34.25 | D6: {=INDEX(Bowang!$B$12:$Z$12, ROW(A5))} -> 37.25
A7: Week 6 | B7: {=INDEX(Frances!$B$12:$X$12, ROW(A6))} -> 41.25 | C7: {=INDEX(Amarsh!$B$12:$Z$12, ROW(A6))} -> 34.5 | D7: {=INDEX(Bowang!$B$12:$Z$12, ROW(A6))} -> 35
A8: Week 7 | B8: {=INDEX(Frances!$B$12:$X$12, ROW(A7))} -> 28.5 | C8: {=INDEX(Amarsh!$B$12:$Z$12, ROW(A7))} -> 25.5 | D8: {=INDEX(Bowang!$B$12:$Z$12, ROW(A7))} -> 27.5
A9: Week 8 | B9: {=INDEX(Frances!$B$12:$X$12, ROW(A8))} -> 33 | C9: {=INDEX(Amarsh!$B$12:$Z$12, ROW(A8))} -> 20 | D9: {=INDEX(Bowang!$B$12:$Z$12, ROW(A8))} -> 43
A10: Week 9 | B10: {=INDEX(Frances!$B$12:$X$12, ROW(A9))} -> 32.75 | C10: {=INDEX(Amarsh!$B$12:$Z$12, ROW(A9))} -> 35.25 | D10: {=INDEX(Bowang!$B$12:$Z$12, ROW(A9))} -> 22
A11: Week 10 | B11: {=INDEX(Frances!$B$12:$X$12, ROW(A10))} -> 32 | C11: {=INDEX(Amarsh!$B$12:$Z$12, ROW(A10))} -> 33.25 | D11: {=INDEX(Bowang!$B$12:$Z$12, ROW(A10))} -> 35
A12: Week 11 | B12: {=INDEX(Frances!$B$12:$X$12, ROW(A11))} -> 29.25 | C12: {=INDEX(Amarsh!$B$12:$Z$12, ROW(A11))} -> 31 | D12: {=INDEX(Bowang!$B$12:$Z$12, ROW(A11))} -> 27.75
A13: Week 12 | B13: {=INDEX(Frances!$B$12:$X$12, ROW(A12))} -> 33.5 | C13: {=INDEX(Amarsh!$B$12:$Z$12, ROW(A12))} -> 31.5 | D13: {=INDEX(Bowang!$B$12:$Z$12, ROW(A12))} -> 41
A14: Week 13 | B14: {=INDEX(Frances!$B$12:$X$12, ROW(A13))} -> 31 | C14: {=INDEX(Amarsh!$B$12:$Z$12, ROW(A13))} -> 31.75 | D14: {=INDEX(Bowang!$B$12:$Z$12, ROW(A13))} -> 31.75
A15: Week 14 | B15: {=INDEX(Frances!$B$12:$X$12, ROW(A14))} -> 31.25 | C15: {=INDEX(Amarsh!$B$12:$Z$12, ROW(A14))} -> 36 | D15: {=INDEX(Bowang!$B$12:$Z$12, ROW(A14))} -> 22.5
A16: Week 15 | B16: {=INDEX(Frances!$B$12:$X$12, ROW(A15))} -> 32.5 | C16: {=INDEX(Amarsh!$B$12:$Z$12, ROW(A15))} -> 40.75 | D16: {=INDEX(Bowang!$B$12:$Z$12, ROW(A15))} -> 19.75
A17: Total | B17: =SUM(B2:B16) -> 450.5 | C17: =SUM(C2:C16) -> 413.75 | D17: =SUM(D2:D16) -> 454
A18: to 450 | B18: =B17-450 -> 0.5 | C18: =C17-450 -> -36.25 | D18: =D17-450 -> 4
